rounds_to_tol,reached,msgs_total,scal_total,msgs_to_tol,scal_to_tol,lam_dis_final,lam_dis_max,sum_inv_err,fp_rate,att_edge_removal,lam_mean,t,attack_active,oos_EQ,oos_CVaR,dP,W0_S,gen_cost_S,CVaR_S,EQ_S,SW_S,SW_central_S,CVaR_central_S,lam_central_S,gap_S,oos_EQ_central_S,oos_CVaR_central_S,kkt_central_S,kkt_S,W0_C,gen_cost_C,CVaR_C,EQ_C,SW_C,SW_central_C,CVaR_central_C,lam_central_C,gap_C,oos_EQ_central_C,oos_CVaR_central_C,kkt_central_C,kkt_C,case,seed,method,N,runtime_s,tag
277.0,True,122400,2264400,113016.0,2090796.0,0.000517651252043283,0.07267625550622503,1.0685896612017132e-14,0.0,,3.609366980281865,0,False,0.749176648702754,7.491766487027542,-0.24091590582592337,1900.122779251475,465.78419437233384,48.69401254231066,12.901836487070378,1851.4287667091644,1853.1905415497895,39.82154401230305,3.6232045047076276,0.003729233282041854,0.4599737577616876,4.599737577616877,0.0,0.04116774604832266,1900.122779251475,465.78419437233384,10.086009778013569,1.0777261562962608,1890.0367694734616,1898.2562721304937,32.881187286147046,3.545712961674882,0.01881237434461091,6.701228292854714,30.060865487762825,0.0,0.06074753658171367,ieee30,4,RDOEM-MAS (TARC-R),30,11.825816869735718,no storage
,False,122400,2264400,,,0.0002403799125634265,0.051571279231155565,6.800116025829084e-15,0.0,,3.6153915207429024,1,False,0.41105527546707926,4.110552754670793,0.10055935269701033,1926.5994013673242,470.19519683083473,23.887656351318487,8.362916764962225,1902.7117450160056,1903.2578303600924,24.23768637498504,3.613861159771735,0.0011634887523925773,0.4452179517631372,4.452179517631373,0.0,0.19613727042986911,1926.5994013673242,470.19519683083473,4.879830048488402,0.48798300484884005,1921.7195713188357,1929.990153961078,28.278729828611635,3.549517639428626,0.01876339780582983,5.603856894043011,26.75292904068635,0.0,0.10421707349910034,ieee30,4,RDOEM-MAS (TARC-R),30,11.825816869735718,no storage
255.0,True,122400,2264400,104040.0,1924740.0,0.00011420571643983024,0.055019516353009834,1.6264767310758543e-14,0.0,,3.663998107553232,2,False,0.47481653444461186,4.74816534444612,-0.21942161332441534,1969.4257439647047,497.3525438179093,39.099782988126954,10.96657771144295,1930.3259609765778,1931.7523552101322,31.357152963931068,3.676494297879325,0.0028345488136963517,0.26295808623951544,2.6295808623951555,0.0,0.03939463643186887,1969.4257439647047,497.3525438179093,0.0,0.0,1969.4257439647047,1981.1767323323538,23.948617390983795,3.593005361395391,0.02531497131507994,6.927438542352667,29.321061722026364,0.0,0.2041331742688758,ieee30,4,RDOEM-MAS (TARC-R),30,11.825816869735718,no storage
,False,122400,2264400,,,0.0003416425524473965,0.059180719450100394,1.27675647831893e-15,0.0,,3.62670214000414,3,False,0.36343948676031107,3.634394867603111,-0.39365335557390857,1927.2383645095804,475.8406235410178,37.40903705363317,11.142765028028272,1889.8293274559471,1891.603728252253,27.755542036292823,3.6417893165892585,0.003672237281915261,0.16914766087107494,1.6914766087107496,0.0,0.040606933214535595,1927.2383645095804,475.8406235410178,6.875557627088746,0.6875557627088744,1920.3628068824917,1929.3604207380904,32.872099163128446,3.5541568811463007,0.02029485246633356,6.057451450458984,27.810274155776135,0.0,0.06223040394707869,ieee30,4,RDOEM-MAS (TARC-R),30,11.825816869735718,no storage
,False,122400,2264400,,,0.00102367001347492,0.05515900137466634,2.7949864644938316e-14,0.0,,3.617271855581205,4,False,0.20323779353472163,2.032377935347217,-0.21843096215894997,1871.0698245329343,468.6338015270356,40.865316725921474,11.814882815086191,1830.2045078070128,1836.0754773309063,40.10499623993427,3.6075395839855333,0.012656978328314953,0.37474550269801077,3.7474550269801097,0.0,0.20390455621208725,1871.0698245329343,468.6338015270356,6.357875934152303,0.6357875934152302,1864.7119485987819,1875.9940452490903,34.24204921349848,3.537671009036886,0.02610824736081929,6.121322257561331,27.966197263732745,0.0,0.11209159107237666,ieee30,4,RDOEM-MAS (TARC-R),30,11.825816869735718,no storage
58.0,True,122400,2264400,23664.0,437784.0,0.000294757514641919,0.05774841353464133,3.8163916471489756e-16,0.0,,3.6543399953595928,5,False,0.37237171430688415,3.7237171430688423,0.030456000611534417,2001.2971814948241,493.85012773446545,38.27145174925203,10.983951756498305,1963.025729745572,1964.6613210342189,31.244757812019657,3.6651666570088346,0.0032787463628477466,0.22517582478316242,2.251758247831625,0.0,0.04167949898297135,2001.2971814948241,493.85012773446545,9.831202092111194,0.9831202092111192,1991.465979402713,2000.5703242107302,36.165282326408175,3.5810328488273933,0.019746796125418502,6.259531565076918,29.072610159028855,0.0,0.05965606063444451,ieee30,4,RDOEM-MAS (TARC-R),30,11.825816869735718,no storage
,False,122400,2264400,,,0.0010293144295561163,0.06839461239466305,1.1268763699945339e-14,0.0,,3.6766217886807633,6,False,0.41307162886480864,4.130716288648087,-0.28092411221231117,2017.2496175686167,505.89108752944617,44.85239829297548,11.677827665513423,1972.3972192756412,1978.0386012878898,39.33605692077833,3.676443109823756,0.011153988763743107,0.41586721223654555,4.158672122365456,0.0,0.15703541847401709,2017.2496175686167,505.89108752944617,9.327293654025734,0.9327293654025732,2007.922323914591,2020.9187169424006,34.635430789738805,3.598196462293735,0.02762476364412577,7.28544348821499,31.365230960604343,0.0,0.10981066153798075,ieee30,4,RDOEM-MAS (TARC-R),30,11.825816869735718,no storage
,False,122400,2264400,,,0.001101501930810489,0.054134320746310305,2.9976021664879227e-15,0.0,,3.7119157333988198,7,False,0.5689334717431875,5.689334717431876,-0.289822678957818,2265.5909613799713,530.9499509532272,36.41101508970857,11.424173159525749,2229.1799462902627,2236.289519867825,34.11037526469647,3.7015249148727882,0.01350160719081427,0.8910856796334646,8.904551652328182,0.0,0.14720496864581334,2265.5909613799713,530.9499509532272,3.597260406262063,0.3597260406262062,2261.993700973709,2276.216305499272,33.913276458108015,3.6243912472191084,0.02902568691378172,8.273441210227919,36.80972247197649,0.0,0.22504644714955505,ieee30,4,RDOEM-MAS (TARC-R),30,11.825816869735718,no storage
,False,122400,2264400,,,0.0017821563462629975,0.0613705562249538,2.4202861936828413e-14,0.0,,3.6785929166923226,8,False,0.514601298291929,5.146012982919291,-0.042024456297460766,2332.407856142888,516.2454288578928,46.48277416666394,10.810828653561074,2285.9250819762237,2295.802188168521,43.63685176757877,3.665408970756364,0.01937585432331368,0.7702627897215109,7.7026278972151125,0.0,0.21063279633518367,2332.407856142888,516.2454288578928,5.210165216742091,0.521016521674209,2327.1976909261457,2343.220615561926,50.003336598549765,3.5548672337037175,0.034793111797948924,10.633387733168977,46.34061200503551,0.0,0.14908326393198212,ieee30,4,RDOEM-MAS (TARC-R),30,11.825816869735718,no storage
287.0,True,122400,2264400,117096.0,2166276.0,0.000286499282077024,0.038945297100972276,3.6637359812630166e-15,0.0,,3.739032274125265,9,False,0.5778443800444957,5.778443800444957,-0.5641657325769289,2549.8024650005295,559.6045906613366,51.44894628605985,14.754091231731133,2498.35351871447,2499.1269833480274,43.935118682723136,3.750690964053991,0.0013670237479222538,0.428026927564355,4.280269275643551,0.0,0.05968804528985828,2549.8024650005295,559.6045906613366,5.806710561099704,0.5806710561099703,2543.9957544394297,2564.8860001724,53.90619968992541,3.608432228460973,0.04206827590915034,12.826476342747668,54.17164971320473,0.0,0.20815137928638186,ieee30,4,RDOEM-MAS (TARC-R),30,11.825816869735718,no storage
,False,122400,2264400,,,0.0009258397485392145,0.0521718857087623,3.710920459809586e-14,0.0,,3.627091457958153,10,False,0.5327143258982006,5.327143258982007,0.18824872933701542,2491.9725325733775,502.062274874041,38.173006464238995,12.286174490225525,2453.7995261091387,2467.4249312544175,39.682367163830286,3.595062039738381,0.0279032659196495,1.4247688241635372,14.247688241635373,0.0,0.2499398371194198,2491.9725325733775,502.062274874041,0.0,0.0,2491.9725325733775,2515.4473757007136,42.33831482886846,3.4760632751027423,0.05303149518799922,13.444244164676853,58.5771592642792,1.8413542694031774e-05,0.2499398371194198,ieee30,4,RDOEM-MAS (TARC-R),30,11.825816869735718,no storage
,False,122400,2264400,,,0.0008808967338946871,0.04131176658093638,2.0816681711721685e-15,0.0,,3.5771561591688554,11,False,0.1005441593669825,1.0054415936698253,-0.18188566578344023,2414.013516249953,472.80270855937977,65.59479492157537,19.180281846135856,2348.418721328378,2352.514935805086,58.20143005587584,3.585700948939218,0.008610039602476206,0.06482144517251515,0.6482144517251516,0.0,0.16529855323584605,2414.013516249953,472.80270855937977,0.0,0.0,2414.013516249953,2433.109849156295,44.60825374898701,3.4286822881729724,0.04600547881782654,5.382286908818806,36.2788175466817,0.0,0.24565794448775746,ieee30,4,RDOEM-MAS (TARC-R),30,11.825816869735718,no storage
,False,122400,2264400,,,0.00048045518747708016,0.02990800041738151,4.39648317751562e-14,0.0,,3.484158483869801,12,False,0.04927223277995225,0.4927223277995225,-1.6681022337278186,2190.453387992283,414.6946353800378,41.050484042522484,9.141926180398064,2149.4029039497605,2151.442451504808,23.578319437471478,3.515098632508467,0.004754159279144767,0.0,0.0,0.0,0.07103813427030907,2190.453387992283,414.6946353800378,0.0,0.0,2190.453387992283,2224.776942966593,35.393059985287444,3.3199366068496836,0.09785052247322977,3.641160952804208,30.14103069123729,0.0,0.24550721940411332,ieee30,4,RDOEM-MAS (TARC-R),30,11.825816869735718,no storage
,False,122400,2264400,,,0.0009403347645879911,0.013928356577139756,1.7985612998927536e-14,0.0,,3.425495163483956,13,False,0.03467603317132852,0.3467603317132853,-1.1740504722958178,2103.6394671822623,383.17946496230337,52.245288314944304,15.309262009814137,2051.394178867318,2054.7084353889773,38.97691562015661,3.448911384761879,0.00844746224285531,0.017890741715509625,0.17890741715509634,0.0,0.0909516982724542,2103.6394671822623,383.17946496230337,0.5069452069605942,0.050694520696059404,2103.1325219753016,2134.4698653839146,32.70499320578326,3.2753219295267573,0.09653393006142853,2.2344085011185517,21.779915557846035,0.0,0.23921823576251128,ieee30,4,RDOEM-MAS (TARC-R),30,11.825816869735718,no storage
,False,122400,2264400,,,0.00075710586770672,0.020799783704358532,3.8469227803261674e-14,0.0,,3.2800213620267775,14,False,0.532806635411857,5.3280663541185715,-0.29907264015968726,2072.96148370572,319.576680181404,41.994603661033906,10.587670187674188,2030.9668800446864,2037.8315548905368,25.40701687708423,3.3060967213993533,0.020898047891528472,0.31860379037782627,3.1860379037782636,0.0,0.15070279668940037,2072.96148370572,319.576680181404,3.4327621198330482,0.34327621198330477,2069.528721585887,2077.5626357503143,16.897775670382224,3.2165089963780833,0.026776209146459073,1.7110088138456194,17.1100881384562,0.0,0.0838944074298559,ieee30,4,RDOEM-MAS (TARC-R),30,11.825816869735718,no storage
,False,122400,2264400,,,0.00044815541054621377,0.02272215541177447,5.1736392947532295e-14,0.0,,3.6079590822017638,15,False,0.0,0.0,-0.6644774032763445,2202.2924248850277,474.29624030546773,54.87831559487797,14.24912171702837,2147.4141092901496,2149.669447717223,43.30145020726854,3.6273338499691645,0.004670713941250226,0.0,0.0,0.0,0.06789634437163772,2202.2924248850277,474.29624030546773,0.0,0.0,2202.2924248850277,2252.300569981127,45.99186251923824,3.4154162550107308,0.12971698317108782,2.9103213811623365,26.81699515130039,0.0,0.27052594049629203,ieee30,4,RDOEM-MAS (TARC-R),30,11.825816869735718,no storage
,False,122400,2264400,,,0.0008695260230568991,0.045575681638240884,1.1657341758564144e-14,0.0,,3.523099911971774,16,False,0.7274855905352433,7.274855905352436,-0.2316826320583667,2262.6372170052427,436.3870912120899,50.90914141690797,15.05329461050968,2211.728075588335,2215.1669414746207,43.245817906982325,3.531946850111637,0.007810721706881482,0.5862724197886345,5.8627241978863465,0.0,0.1534040786819226,2262.6372170052427,436.3870912120899,4.300653578926136,0.4300653578926135,2258.3365634263164,2276.132249715408,47.81409307462684,3.3819741044367526,0.04679148843361698,12.378939680364944,57.053493387761335,0.0,0.18324745142102813,ieee30,4,RDOEM-MAS (TARC-R),30,11.825816869735718,no storage
,False,122400,2264400,,,0.0011736313262908915,0.03885273116023891,3.758104938356155e-14,0.0,,3.7886518978766923,17,False,0.33065684252785,3.306568425278501,-0.08539688888390362,2519.0039405488897,584.3641830444432,43.51100354504503,10.221425570781397,2475.4929370038444,2483.8308026260006,38.84314792078467,3.782385753868271,0.014351167251605658,0.3935938035860887,3.935938035860888,0.0,0.22231364262924433,2519.0039405488897,584.3641830444432,0.0,0.0,2519.0039405488897,2549.0284535994265,49.047647337083355,3.6321410324271772,0.058584065638677504,11.511523319677456,52.00276712352637,0.0,0.28393214489621643,ieee30,4,RDOEM-MAS (TARC-R),30,11.825816869735718,no storage
,False,122400,2264400,,,0.0018832467258844687,0.07118992116333223,2.4646951146678475e-14,0.0,,3.938403034339594,18,False,0.5290802493493763,5.290802493493763,-0.4194470623848279,2638.055412450776,671.548645354985,51.97235048174341,12.210504993543434,2586.0830619690328,2587.3095349073096,44.91434580177393,3.9487109308016026,0.0018120611512255852,0.3471935089754858,3.471935089754858,0.0,0.2769862003297618,2638.055412450776,671.548645354985,5.80770950216349,0.580770950216349,2632.2477029486126,2653.885367535361,47.73921021528595,3.820865577598938,0.0352387619653589,10.477333176438345,46.53649587324983,0.0,0.18202793983722493,ieee30,4,RDOEM-MAS (TARC-R),30,11.825816869735718,no storage
,False,122400,2264400,,,0.0006956721081827766,0.05457523821422594,1.8443579996585413e-14,0.0,,4.056745265023294,19,False,1.8035384234624328,16.85145584321021,-0.09675171908666602,2717.174387060836,748.9911721659466,36.582588364222374,11.817058486422331,2680.5917986966138,2684.414622991371,36.245812095553084,4.050669837413749,0.0051254744050586555,2.151322525627227,19.093826034050558,0.0,0.21469360613017122,2717.174387060836,748.9911721659466,5.697943182556474,0.5697943182556473,2711.4764438782795,2722.873444545806,29.987870410410256,3.990589436971453,0.015895144879888388,9.025271631926303,41.63141560008922,0.0,0.12284080202888197,ieee30,4,RDOEM-MAS (TARC-R),30,11.825816869735718,no storage
,False,122400,2264400,,,0.0004764050679169074,0.018819048108362324,7.216449660063518e-15,0.0,,4.001333194097848,20,False,1.153088922807874,11.502526867886536,-0.19911200476006563,2609.0261589051934,711.5592807295686,61.30080241722365,14.602073584115232,2547.7253564879697,2550.973373655668,60.60772919468384,3.9962950862780766,0.004579363677505478,1.3739842250197285,13.342946226570861,0.0,0.14867081344303323,2609.0261589051934,711.5592807295686,18.17993664491847,2.4247441498561173,2590.8462222602748,2602.2558538237367,43.26276302991435,3.9379905887265174,0.016817982878570618,8.019641240989012,36.72416097437381,0.0,0.0759546422288075,ieee30,4,RDOEM-MAS (TARC-R),30,11.825816869735718,no storage
,False,122400,2264400,,,0.0006121528113132158,0.0513223443635491,4.1272540940440194e-14,0.0,,3.8845329972198472,21,False,0.6204381663984097,6.204381663984097,-0.07972662282840837,2380.5614990744693,634.699588471436,38.61344196182378,11.999100916488116,2341.9480571126455,2342.646627145506,38.3359272419401,3.8837712003097837,0.0011012993664759115,0.6383604916856294,6.383604916856295,0.0,0.15605584548121082,2380.5614990744693,634.699588471436,9.709408985445553,0.9709408985445551,2370.852090089024,2383.587671244258,39.68322576053181,3.8021070024573818,0.021374952139624447,8.010094542447572,35.1852949648445,0.0,0.11906713048512095,ieee30,4,RDOEM-MAS (TARC-R),30,11.825816869735718,no storage
,False,122400,2264400,,,0.0007013018243693381,0.08589879653210497,1.637578961322106e-14,0.0,,3.761153502394689,22,False,1.0501663864619724,10.501663864619724,-0.2035160785797041,2252.9520243630354,562.867766648866,42.19702832318975,10.061788918517786,2210.7549960398455,2214.800470185084,39.12963676560312,3.7593915140180303,0.00719879935671926,1.1172089700687031,11.154270021223766,0.0,0.15584973816471892,2252.9520243630354,562.867766648866,9.407685922051956,0.9407685922051954,2243.5443384409837,2252.910984292358,34.611272504798535,3.6884596381485224,0.01762808634799847,8.297883472362045,36.82845712828783,0.0,0.10317532792213764,ieee30,4,RDOEM-MAS (TARC-R),30,11.825816869735718,no storage
,False,122400,2264400,,,0.0007501640708631463,0.06591004209577633,3.8469227803261674e-14,0.0,,3.6293398435737814,23,False,2.1069248026641523,16.527270871981557,-0.13198296151314226,2053.551517349894,484.44206385884405,36.51584174587551,9.65172867949219,2017.0356756040183,2022.2488581011196,36.056431628110005,3.619158747763648,0.010859385620683382,2.9874273950414474,20.200905753786255,0.0,0.18465162307370855,2053.551517349894,484.44206385884405,9.099584345387948,1.0473928424698373,2044.451933004506,2048.956027067658,25.90791023193241,3.5826315352707785,0.00968963460685682,8.133656861775599,33.33559675852602,0.0,0.046768112710716014,ieee30,4,RDOEM-MAS (TARC-R),30,11.825816869735718,no storage
