rounds_to_tol,reached,msgs_total,scal_total,msgs_to_tol,scal_to_tol,lam_dis_final,lam_dis_max,sum_inv_err,fp_rate,att_edge_removal,lam_mean,t,attack_active,oos_EQ,oos_CVaR,dP,W0_S,gen_cost_S,CVaR_S,EQ_S,SW_S,SW_central_S,CVaR_central_S,lam_central_S,gap_S,oos_EQ_central_S,oos_CVaR_central_S,kkt_central_S,kkt_S,W0_C,gen_cost_C,CVaR_C,EQ_C,SW_C,SW_central_C,CVaR_central_C,lam_central_C,gap_C,oos_EQ_central_C,oos_CVaR_central_C,kkt_central_C,kkt_C,case,seed,method,N,runtime_s,beta
,False,129600,2397600,,,0.0006852486511927935,0.043470020459210446,1.2365108936762681e-14,0.0,,3.631551381147661,0,False,0.36417607703688565,3.6417607703688573,0.11844958193455613,1888.539606416904,476.6093743752707,39.409240616641235,11.017243695776983,1809.7211251836216,1812.9011292496918,39.821543492278465,3.624094256232521,0.006725040198049976,0.4661012500406126,4.661012500406127,0.0,0.19271015578524212,1888.539606416904,476.6093743752707,3.9891744012949406,0.398917440129494,1880.5612576143142,1881.8702677159406,4.983370475316998,3.6254367921256763,0.0027644153907914705,0.4469203107065032,4.4692031070650335,0.0,0.10614071145143533,ieee30,4,RDOEM-MAS (TARC-R),32,13.298951625823975,2.0
,False,129600,2397600,,,0.0010011629191861715,0.036888881684638,1.5182299861749016e-14,0.0,,3.6254500568885515,1,False,0.25707877723848654,2.570787772384866,-0.15800352380301552,1921.624878089702,474.8205864413491,24.787669799628176,8.221825644877528,1872.0495384904457,1878.1289373807626,24.23768637499308,3.6156202215250057,0.0129298839320571,0.44894875101046905,4.4894875101046905,0.0,0.18793401882243693,1921.624878089702,474.8205864413491,2.8055116276484187,0.2805511627648418,1916.013854834405,1916.2627520784304,5.014432244249468,3.6162327042702502,0.0005290356041875381,0.4355791441981603,4.355791441981604,0.0,0.01488521654456493,ieee30,4,RDOEM-MAS (TARC-R),32,13.298951625823975,2.0
,False,129600,2397600,,,0.0013855664420399094,0.03715461190463998,7.591149930874508e-15,0.0,,3.6901544867560174,2,False,0.11785024554869744,1.1785024554869747,-0.10956984023620242,1955.6889806732229,510.1430701000618,31.738546946777525,9.19135260610699,1892.2118867796678,1899.5334846318924,31.35715319234417,3.6780875409143086,0.014526363705869048,0.2605818727991281,2.605818727991281,0.0,0.19938239016453216,1955.6889806732229,510.1430701000618,0.0,0.0,1955.6889806732229,1970.4351243763492,1.2215026263980289,3.658157117253938,0.02984376967054093,0.680150291211586,6.801502912115861,0.0,0.19938239016453216,ieee30,4,RDOEM-MAS (TARC-R),32,13.298951625823975,2.0
,False,129600,2397600,,,0.00014992336965402586,0.03887886447844435,1.049160758270773e-14,0.0,,3.648435229317671,3,False,0.1307507121570878,1.3075071215708787,0.25870657635840466,1915.6994268231747,486.62094028160345,26.855028309805398,8.899023786535695,1861.9893702035638,1863.1892228027234,27.755541952909766,3.6430380204064705,0.0024800143699448673,0.18407720742749978,1.8407720742749984,0.0,0.19344630277145375,1915.6994268231747,486.62094028160345,1.9460398074192904,0.194603980741929,1911.807347208336,1914.1706787078979,3.0895668459347743,3.6399247554605094,0.004900452944158004,0.21827355933675172,2.1827355933675174,0.0,0.1068886057401991,ieee30,4,RDOEM-MAS (TARC-R),32,13.298951625823975,2.0
,False,129600,2397600,,,0.0006689884474666563,0.037825586282361545,1.4488410471358293e-14,0.0,,3.6268461402605254,4,False,0.1338648412531019,1.3386484125310192,-0.18099444688950905,1866.0676436989806,473.31316215409436,40.73500657600193,11.357433969212094,1784.5976305469767,1794.3579267523905,40.10499565380398,3.610918844137035,0.020974050344713932,0.36707988527723956,3.6707988527723976,0.0,0.19464188006963767,1866.0676436989806,473.31316215409436,5.170846602422797,0.5170846602422796,1855.725950494135,1856.497400396616,7.96911917704623,3.615094340679977,0.001650716534507865,0.28278170263131425,2.8278170263131432,0.0,0.02242349761853474,ieee30,4,RDOEM-MAS (TARC-R),32,13.298951625823975,2.0
,False,129600,2397600,,,0.00044960388141834784,0.03807423386147102,5.1209037010835345e-15,0.0,,3.6806568028608053,5,False,0.12970591840667636,1.2970591840667642,0.02117576993608372,1987.7027031260168,506.4838096435151,31.17104509222706,9.387918237882875,1925.3606129415627,1932.9250990166715,31.244754350024177,3.6661127297439613,0.015150077420983855,0.24076096054158766,2.407609605415877,0.0,0.1933344071634255,1987.7027031260168,506.4838096435151,1.0264777772598608,0.10264777772598606,1985.649747571497,1985.6987760694255,0.9532129299399226,3.680852543107706,9.678459713226632e-05,0.12853368084955738,1.2853368084955743,0.0,0.06588431842426046,ieee30,4,RDOEM-MAS (TARC-R),32,13.298951625823975,2.0
,False,129600,2397600,,,0.00010776048011562622,0.04077687904883742,1.759703494030873e-14,0.0,,3.6913035709683797,6,False,0.21765158271627644,2.1765158271627656,0.14934461216886952,2009.4176574902324,513.1781689761644,38.816213543569326,10.380759932625375,1931.7852304030937,1937.3317774584896,39.33605676441656,3.679164872992802,0.01093901835595265,0.42152834596332706,4.215283459633272,0.0,0.14135488947287914,2009.4176574902324,513.1781689761644,6.407010624620044,0.6407010624620043,1996.6036362409923,1998.2127478867844,14.592321561999675,3.6571351851209166,0.00324114823829814,1.1958638801417,11.328716072152615,0.0,0.020624633674874184,ieee30,4,RDOEM-MAS (TARC-R),32,13.298951625823975,2.0
,False,129600,2397600,,,0.0007910195312024193,0.05385909261338373,4.135580766728708e-15,0.0,,3.72965115475552,7,False,0.26815104050375377,2.6815104050375385,0.10974798106059414,2255.7102431001995,540.0927489521671,31.1812412442576,10.019517012667997,2193.3477606116844,2202.7780488952153,31.563255325980034,3.710497009051648,0.0177696586867247,0.6561407858755006,6.5614078587550075,0.0,0.193173200938838,2255.7102431001995,540.0927489521671,1.9180200758946246,0.19180200758946242,2251.87420294841,2258.2901150679645,6.769672871276342,3.701575283974977,0.012217509736819903,0.9633618645657784,9.585603624508162,0.0,0.1566111517517011,ieee30,4,RDOEM-MAS (TARC-R),32,13.298951625823975,2.0
,False,129600,2397600,,,0.000709992903554113,0.039653689924061375,3.5062230896443225e-14,0.0,,3.6848052868956573,8,False,0.4161846423526224,4.161846423526225,0.003696540415110583,2329.09600810179,519.2935075506617,43.623984658895125,10.290490860820428,2241.848038784,2252.2240597047453,43.6368516855759,3.665483031085412,0.020357040496798623,0.7577048552462794,7.577048552462796,0.0,0.229627694137611,2329.09600810179,519.2935075506617,4.183845956889284,0.41838459568892833,2320.728316188012,2323.24414721182,5.268871676934509,3.676825595908001,0.004885641399837048,0.5360710422320506,5.3607104223205075,0.0,0.14174395153583402,ieee30,4,RDOEM-MAS (TARC-R),32,13.298951625823975,2.0
,False,129600,2397600,,,0.0009141906318923532,0.04621441731059983,4.093947403305265e-14,0.0,,3.7830354355214055,9,False,0.18317439228530985,1.8317439228530992,0.17269727099616272,2525.4042651030722,581.9484658425317,37.98971007439391,10.994971156782162,2449.4248449542843,2457.1489552847415,38.590840766475495,3.766332632286395,0.0134612706209807,0.2903733684327896,2.9037336843278965,0.0,0.2651688350825746,2525.4042651030722,581.9484658425317,0.5098872920349098,0.05098872920349097,2524.3844905190026,2543.3999018479326,10.083265395388123,3.713942055119223,0.034762915114958215,1.0705656820709926,10.70565682070993,0.0,0.14729639540110404,ieee30,4,RDOEM-MAS (TARC-R),32,13.298951625823975,2.0
,False,129600,2397600,,,0.0006377821618235302,0.04884868516035734,3.524958103184872e-15,0.0,,3.6390658930669706,10,False,0.3843353768352971,3.843353768352972,0.22422483296537088,2486.057559069856,507.4546224443854,38.047779759146636,11.194125951261102,2409.9619995515627,2428.557494730975,38.8282683112757,3.5962956457814395,0.03801602336876309,1.372663856268424,13.722785720058752,0.0,0.23862000171334874,2486.057559069856,507.4546224443854,0.0,0.0,2486.057559069856,2508.384210709987,0.535603038248315,3.5937273964636143,0.045937925981204386,1.4708919708465145,14.656087915703223,0.0,0.23862000171334874,ieee30,4,RDOEM-MAS (TARC-R),32,13.298951625823975,2.0
,False,129600,2397600,,,0.0016377690134441458,0.03683205277669099,2.220446049250313e-15,0.0,,3.6163377663394787,11,False,0.0,0.0,0.036335691985629026,2394.262570063353,490.93285907371103,58.07495120153343,15.809280242727512,2278.112667660286,2296.2572719318537,58.201429572610316,3.582666142427703,0.0381547011823953,0.0878606606886541,0.8786066068865412,0.0,0.24154836158436435,2394.262570063353,490.93285907371103,0.0,0.0,2394.262570063353,2423.0312277252183,0.05135600635642938,3.56831637041125,0.06137935046982745,0.1836835955539665,1.836835955539665,0.0,0.24154836158436435,ieee30,4,RDOEM-MAS (TARC-R),32,13.298951625823975,2.0
,False,129600,2397600,,,0.0008867681557349627,0.031324768286320914,2.871314297436811e-14,0.0,,3.539191000494285,12,False,0.0,0.0,0.06649572775895862,2172.2376097551205,441.69053758407404,23.346851814601123,5.076401345777695,2125.543906125918,2126.9971195509243,23.57831243585538,3.536551197427637,0.003299693314140224,0.0,0.0,0.0,0.2067909438036714,2172.2376097551205,441.69053758407404,0.0,0.0,2172.2376097551205,2210.054327725293,0.3599274794351342,3.481138848699928,0.09062327337003918,0.2549302418121221,2.5493024181212216,0.0,0.24054687981630446,ieee30,4,RDOEM-MAS (TARC-R),32,13.298951625823975,2.0
,False,129600,2397600,,,0.0009110725052927648,0.03415385043314689,8.520961713998076e-15,0.0,,3.489553724474648,13,False,0.016220441475823754,0.16220441475823758,0.0963820963786759,2089.9517674721537,415.74634424943065,38.64142479023396,10.817729410562125,2012.6689178916859,2017.7550979050475,38.97691449429084,3.481279022623917,0.012345439936059834,0.024209944378944397,0.24209944378944404,0.0,0.2346154411516344,2089.9517674721537,415.74634424943065,0.0,0.0,2089.9517674721537,2124.128054544246,10.443420142166627,3.4021677543942905,0.08959152704153774,0.557648361257164,5.576483612571641,0.0,0.2346154411516344,ieee30,4,RDOEM-MAS (TARC-R),32,13.298951625823975,2.0
,False,129600,2397600,,,0.0003014814436137492,0.02520607757044102,2.385591724163305e-14,0.0,,3.3902238843100845,14,False,0.19769276231572114,1.9769276231572117,-0.10394573747988067,2058.1979817140805,372.1101441235677,24.021642922097413,7.434896304411863,2010.1546958698857,2016.330224035309,23.65982579551415,3.3807767923795122,0.016742137547434543,0.2744058521316848,2.744058521316848,0.0,0.15943533228447324,2058.1979817140805,372.1101441235677,0.0,0.0,2058.1979817140805,2071.1632647705687,2.0841749631109097,3.36298604539435,0.035885608087596374,0.4571274728809014,4.571274728809016,0.0,0.21168653157244707,ieee30,4,RDOEM-MAS (TARC-R),32,13.298951625823975,2.0
,False,129600,2397600,,,0.001007509947032581,0.02912759574244017,4.0870085094013575e-15,0.0,,3.644147374541064,15,False,0.0,0.0,-0.023696579676392382,2183.89800991911,491.28846340921064,43.383933574382894,11.049469400283808,2097.1301427703443,2105.8393294624216,43.3014500295923,3.6283560150939085,0.018018121366129125,0.0,0.0,0.0,0.23419964249605396,2183.89800991911,491.28846340921064,0.0,0.0,2183.89800991911,2225.1901193274894,8.152042411163132,3.5461204370929105,0.09242212638716499,0.10775177757689923,1.0775177757689927,0.0,0.2630760272230464,ieee30,4,RDOEM-MAS (TARC-R),32,13.298951625823975,2.0
,False,129600,2397600,,,0.0006870069368014597,0.04916820405074285,2.4702462297909733e-14,0.0,,3.5643067292697066,16,False,0.32234800664695196,3.2234800664695196,0.17119282407837755,2246.795250545439,456.15368726788006,41.97675544128653,12.334840308386859,2162.841739662866,2172.819092923299,42.57264858791571,3.5472895861792275,0.022210622826077157,0.5644992315720756,5.644992315720757,0.0,0.24060351662770665,2246.795250545439,456.15368726788006,0.6088274851221169,0.06088274851221168,2245.5775955751947,2256.24662270869,5.530645276880533,3.53389193839366,0.024073512296220307,0.8909965076673525,8.909965076673526,0.0,0.12234489879125267,ieee30,4,RDOEM-MAS (TARC-R),32,13.298951625823975,2.0
,False,129600,2397600,,,0.0010659434909352505,0.03092942630107176,4.3576253716537394e-15,0.0,,3.829310024704871,17,False,0.09366517506579658,0.936651750657966,-0.059414349321788684,2497.072573392562,604.3732923364114,36.34229171260667,7.7559198223779315,2424.3879899673484,2444.0316768048906,36.1354810029705,3.794765645774856,0.03347722833885248,0.2854678102823068,2.8546781028230686,0.0,0.27682709932820254,2497.072573392562,604.3732923364114,0.0,0.0,2497.072573392562,2526.588902762846,8.115986752767878,3.7472323263888563,0.052474858767529664,1.0273544679854067,10.27354467985407,0.0,0.27682709932820254,ieee30,4,RDOEM-MAS (TARC-R),32,13.298951625823975,2.0
,False,129600,2397600,,,0.0016363949245867815,0.06399763226963229,1.7541523789077473e-14,0.0,,3.965712972771545,18,False,0.13204479284649603,1.3204479284649606,-0.32621166967701143,2621.363791129516,686.8040513605732,43.933761417128565,9.918958163571373,2533.4962682952587,2544.1810371821607,42.79827404250733,3.9524407666169936,0.01573396705165938,0.2798741763420488,2.7987417634204896,0.0,0.2614337288908086,2621.363791129516,686.8040513605732,0.5035756497900007,0.050357564979000055,2620.356639829936,2629.7376419311217,8.076282508812168,3.926180449610466,0.01412057634365131,0.8024582999337252,8.024582999337255,0.0,0.17776603813257608,ieee30,4,RDOEM-MAS (TARC-R),32,13.298951625823975,2.0
,False,129600,2397600,,,0.0008036329127465436,0.045077485798935335,5.662137425588298e-15,0.0,,4.049473136677384,19,False,1.1929823106130062,11.929823106130064,0.13499810790314637,2707.67225019237,741.9867732026868,35.77590658624388,10.502452455777313,2636.120437019882,2646.302068610472,36.24581206631026,4.035223862937139,0.013850998485956669,2.113755250428959,18.935323540439974,0.0,0.20543361049936124,2707.67225019237,741.9867732026868,2.3917322033537967,0.23917322033537963,2702.8887857856625,2704.1061721286346,5.2929976742404365,4.040624712527584,0.0016504876564444261,1.7172505063516696,16.2817200736554,0.0,0.03248034516886708,ieee30,4,RDOEM-MAS (TARC-R),32,13.298951625823975,2.0
,False,129600,2397600,,,0.0001356775968108792,0.027608478467533004,2.2697121959680544e-14,0.0,,4.000317813859128,20,False,1.0119645015055938,10.108558703838126,0.00558733608444939,2605.422118043357,709.999896049614,60.58827878616722,13.904784758650754,2484.2455604710226,2488.6625226563215,60.60772740791403,3.9943619397057053,0.006245071919137144,1.3389287063046296,13.031089276210867,0.0,0.14378389585820134,2605.422118043357,709.999896049614,17.151938540612562,2.1289433146090615,2571.118240962132,2575.00561306859,7.845259458220161,4.019315441388742,0.005405042568752277,0.3779893307310906,3.7798933073109073,0.0,0.057465413517974885,ieee30,4,RDOEM-MAS (TARC-R),32,13.298951625823975,2.0
,False,129600,2397600,,,0.0009632421330181273,0.04239420081787593,4.674038933671909e-14,0.0,,3.8928595731039106,21,False,0.4982929462970806,4.982929462970808,-0.13587904585860144,2376.134632315179,638.734715009598,38.80889900719102,11.685911312988521,2298.5168343007967,2303.100026829989,38.335927224563314,3.8861926978100225,0.007212953046986395,0.6344132172249007,6.344132172249009,0.0,0.20065597238551947,2376.134632315179,638.734715009598,8.495026309146427,0.8495026309146425,2359.144579696886,2359.4485100686966,9.686101501771633,3.8879358944828817,0.00047766713270035237,0.5958184521882253,5.958184521882254,0.0,0.027985890825918583,ieee30,4,RDOEM-MAS (TARC-R),32,13.298951625823975,2.0
,False,129600,2397600,,,0.0009496152293211324,0.05589458391139068,1.429412144204889e-14,0.0,,3.7770243478184122,22,False,0.6787359581321958,6.787359581321961,0.11885654391898814,2244.797757835383,570.3495575563027,38.715916973583134,9.014950146954464,2167.365923888217,2173.72315127688,39.129636647664256,3.763611052259246,0.011276997366007489,1.088150993837637,10.868522811119142,0.0,0.13906853350688136,2244.797757835383,570.3495575563027,6.386492552878275,0.6386492552878273,2232.0247727296264,2233.003372255296,11.568458037066431,3.7555351131096026,0.001747754659507055,1.4258363013232236,13.791653782003745,0.0,0.01570274736193997,ieee30,4,RDOEM-MAS (TARC-R),32,13.298951625823975,2.0
,False,129600,2397600,,,0.0005352796428548245,0.047388690103677966,2.6895152771544417e-14,0.0,,3.633558762464035,23,False,1.9646555711078955,15.861396889497524,0.032506582308502896,2051.357603234419,486.4817019669403,35.94328158739587,9.344591976644532,1979.4710400596273,1985.4939588432987,36.05643148431832,3.6206259372034784,0.01252929181393651,3.075659323075515,20.511428089919896,0.0,0.17477718694988406,2051.357603234419,486.4817019669403,8.367519763814567,0.8957262634475025,2034.6225637067898,2036.0650708139308,6.261433102796336,3.6394145155502833,0.0029497015499582824,1.5727413428869041,13.7553102284793,0.0,0.08463437416422649,ieee30,4,RDOEM-MAS (TARC-R),32,13.298951625823975,2.0
