rounds_to_tol,reached,msgs_total,scal_total,msgs_to_tol,scal_to_tol,outer_iters,lam_dis_final,lam_dis_max,sum_inv_err,fp_rate,att_edge_removal,lam_mean,t,attack_active,oos_EQ,oos_CVaR,dP,W0_S,gen_cost_S,CVaR_S,EQ_S,SW_S,case,seed,method,N,runtime_s
180.0,True,38880,1283040,38880.0,1283040.0,5,0.0,,,,,3.610507587952748,1,False,0.5825031439136044,5.825031439136045,-2.568237461641329,1930.8016796359343,466.1612876440427,33.177284685532676,14.336333737192408,1897.6243949504017,ieee30,4,Static re-convergence,32,2.4748318195343018
361.0,True,77976,2573208,77976.0,2573208.0,10,0.0,,,,,3.639078144016759,2,False,1.6030113216949509,13.514186997693823,-2.3190835906494534,1984.2314069651939,483.443769863517,52.921388449172156,16.44846875353605,1931.3100185160217,ieee30,4,Static re-convergence,32,2.4748318195343018
181.0,True,39096,1290168,39096.0,1290168.0,5,0.0,,,,,3.61795917537784,3,False,0.6091450690545909,6.09145069054591,-1.831075032895514,1932.8840603964863,470.49828162049164,43.42552729639929,14.232653511947795,1889.4585331000872,ieee30,4,Static re-convergence,32,2.4748318195343018
4356.0,True,940896,31049568,940896.0,31049568.0,121,0.0,,,,,3.608994203423096,4,False,0.409069584529983,4.090695845299831,-0.14985734513686078,1875.6455856894027,464.33821610334724,41.10761782594417,13.216526062650951,1834.5379678634586,ieee30,4,Static re-convergence,32,2.4748318195343018
505.0,True,109080,3599640,109080.0,3599640.0,14,0.0,,,,,3.651337460632812,5,False,0.49996351154796353,4.999635115479636,-1.2038542007819424,2003.81447117257,491.4421714893532,40.45955375223825,12.904498235861544,1963.3549174203317,ieee30,4,Static re-convergence,32,2.4748318195343018
361.0,True,77976,2573208,77976.0,2573208.0,10,0.0,,,,,3.672391747493903,6,False,0.5955486641367549,5.95548664136755,-0.15352536529026928,2019.6430539117748,503.6541852959678,43.68111712488177,12.931336585447877,1975.9619367868931,ieee30,4,Static re-convergence,32,2.4748318195343018
254.0,True,54864,1810512,54864.0,1810512.0,7,0.0,,,,,3.701408716520084,7,False,0.969891055557938,9.644959906255067,3.5441599641172283,2268.6073207636086,528.3696874082525,52.05392458821932,16.286365190025546,2216.5533961753895,ieee30,4,Static re-convergence,32,2.4748318195343018
666.0,True,143856,4747248,143856.0,4747248.0,18,0.0,,,,,3.6565736659568895,8,False,0.974810177531967,9.74810177531967,-0.30881433597273666,2344.301156828576,505.26953989656386,48.96470231304753,15.329638497796946,2295.3364545155287,ieee30,4,Static re-convergence,32,2.4748318195343018
,False,1198800,39560400,,,150,0.0,,,,,3.7476032243073876,9,False,0.4610435174409705,4.610435174409705,-0.11914600652281582,2544.578480456579,564.4293879310964,45.52356654950454,13.820748760288442,2499.0549139070745,ieee30,4,Static re-convergence,32,2.4748318195343018
,False,1198584,39553272,,,150,0.0,,,,,3.5930047758193098,10,False,1.4993472174474851,14.918227746498925,-0.9284616895325879,2508.7441796556445,486.76005171790547,42.641722794014704,19.170772645340328,2466.10245686163,ieee30,4,Static re-convergence,32,2.4748318195343018
,False,1197504,39517632,,,150,0.0,,,,,3.5827184389919307,11,False,0.08763018190191921,0.8763018190191922,0.5445882825042379,2412.119113376703,476.0861657698218,59.02859375935803,18.68470129657458,2353.090519617345,ieee30,4,Static re-convergence,32,2.4748318195343018
,False,1165536,38462688,,,150,0.0,,,,,3.536717308523116,12,False,0.0,0.0,0.4366829218447954,2173.810334231439,440.7158357176636,24.133923210631714,5.023910198656362,2149.6764110208073,ieee30,4,Static re-convergence,32,2.4748318195343018
