rounds_to_tol,reached,msgs_total,scal_total,msgs_to_tol,scal_to_tol,outer_iters,lam_dis_final,lam_dis_max,sum_inv_err,fp_rate,att_edge_removal,lam_mean,t,attack_active,oos_EQ,oos_CVaR,dP,W0_S,gen_cost_S,CVaR_S,EQ_S,SW_S,case,seed,method,N,runtime_s,tag
256,True,58880,1943040,58880,1943040,8,0.0,,,,,3.597503322215566,1,False,0.7959839346936836,7.931189750249539,0.002916412136836577,1910.0598291696333,460.47333308514357,40.54705904334078,8.121973829791958,1869.5127701262925,ieee30,2,Static re-convergence,32,1.0031960010528564,tol0.001
165,True,37950,1252350,37950,1252350,5,0.0,,,,,3.6186378013205935,2,False,0.6231693414588665,6.231693414588666,-1.8590472329814816,1901.0947801897398,469.47242432031845,52.18411749849707,13.539396010677594,1848.9106626912428,ieee30,2,Static re-convergence,32,1.0031960010528564,tol0.001
825,True,189750,6261750,189750,6261750,25,0.0,,,,,3.5808346657124384,3,False,0.3043717995890279,3.04371799589028,-0.7759970089895414,1832.9651349958,447.8867865952103,33.92076365837018,11.962448571601282,1799.04437133743,ieee30,2,Static re-convergence,32,1.0031960010528564,tol0.001
132,True,30360,1001880,30360,1001880,4,0.0,,,,,3.67007723162509,4,False,0.9030448622958432,8.797719230850024,0.01463382054413831,2020.784587449315,502.7351751492642,31.63009686785216,12.20033921526726,1989.1544905814628,ieee30,2,Static re-convergence,32,1.0031960010528564,tol0.001
128,True,29440,971520,29440,971520,4,0.0,,,,,3.6810387930884167,5,False,0.36804938953824046,3.6804938953824067,0.014655547586540418,1992.1235485633727,506.94283974582623,38.905843930006995,9.863506180248923,1953.2177046333657,ieee30,2,Static re-convergence,32,1.0031960010528564,tol0.001
130,True,29900,986700,29900,986700,4,0.0,,,,,3.7051099459096415,6,False,0.1872546119010302,1.8725461190103025,0.002812596136233303,2000.4506316667396,520.0564276512912,30.391649830614554,8.94306947941492,1970.058981836125,ieee30,2,Static re-convergence,32,1.0031960010528564,tol0.001
132,True,30360,1001880,30360,1001880,4,0.0,,,,,3.730703216067833,7,False,0.9556250414111356,9.556250414111359,0.009752276570543117,2268.1768244354625,541.6154452237807,34.26889496794665,9.0944857039368,2233.9079294675157,ieee30,2,Static re-convergence,32,1.0031960010528564,tol0.001
161,True,37030,1221990,37030,1221990,5,0.0,,,,,3.749532831659297,8,False,1.864830719388162,17.37626353660751,-1.1540265076175507,2455.6332342822534,558.5695071273922,47.79865934409274,13.929259944641545,2407.8345749381606,ieee30,2,Static re-convergence,32,1.0031960010528564,tol0.001
285,True,65550,2163150,65550,2163150,9,0.0,,,,,3.67856579015241,9,False,1.5647244449114632,15.537763275060971,-1.0919661509039678,2521.335905022863,526.976618349776,47.79177496048664,14.59372574528076,2473.544130062376,ieee30,2,Static re-convergence,32,1.0031960010528564,tol0.001
2433,True,559590,18466470,559590,18466470,76,0.0,,,,,3.7465284252097293,10,False,0.004206209088119031,0.04206209088119032,-0.3022955656498123,2471.2898995537466,560.2603705431151,36.91614540127489,7.949692144902695,2434.3737541524715,ieee30,2,Static re-convergence,32,1.0031960010528564,tol0.001
497,True,114310,3772230,114310,3772230,16,0.0,,,,,3.4844434349504976,11,False,0.9531210241027309,9.53121024102731,3.7226842328760847,2303.318936213606,436.35695156260255,25.464336924465336,6.658241586605791,2277.8545992891404,ieee30,2,Static re-convergence,32,1.0031960010528564,tol0.001
677,True,155710,5138430,155710,5138430,22,0.0,,,,,3.462216051479259,12,False,0.295611115154456,2.956111151544561,1.3624103951071076,2127.2928214291974,410.38737286755196,28.694313549526296,7.24681269277059,2098.598507879671,ieee30,2,Static re-convergence,32,1.0031960010528564,tol0.001
