rounds_to_tol,reached,msgs_total,scal_total,msgs_to_tol,scal_to_tol,lam_dis_final,lam_dis_max,sum_inv_err,fp_rate,att_edge_removal,lam_mean,t,attack_active,oos_EQ,oos_CVaR,dP,W0_S,gen_cost_S,CVaR_S,EQ_S,SW_S,case,seed,method,N,runtime_s
,False,144000,2664000,,,0.00016948452449128126,0.0777708745400214,1.176836406102666e-14,0.0,,3.675492455520279,1,False,0.4899477673807581,4.899477673807582,0.37785698874212326,1926.6251838180656,501.6293343439644,28.613445771194097,6.4170319352224015,1898.0117380468714,ieee30,1,RDOEM-MAS (TARC-R),32,6.629687786102295
,False,144000,2664000,,,0.00021375173038817863,0.056842653200516846,2.4980018054066022e-15,0.0,,3.6548079773448796,2,False,0.2676060765024357,2.6760607650243573,0.3214037269878238,1907.370763862409,490.0315375238776,20.98540168427042,5.273838102088796,1886.3853621781384,ieee30,1,RDOEM-MAS (TARC-R),32,6.629687786102295
,False,144000,2664000,,,0.0005089254797123743,0.05392270908853947,2.360611706109239e-14,0.0,,3.5994314053692933,3,False,1.1859751370406393,10.658365962209343,-0.04857928692067359,1883.1558162267218,460.42732525041475,36.24701343291851,10.69363162700728,1846.9088027938033,ieee30,1,RDOEM-MAS (TARC-R),32,6.629687786102295
228.0,True,144000,2664000,109440.0,2024640.0,0.00023320412599980855,0.046843065724967214,1.0949574580365606e-14,0.0,,3.6629351330933524,4,False,1.1156353757300594,10.515446845286185,-0.06859038220674218,1960.9188057238678,496.24615013507696,25.431593476458747,7.062904812066311,1935.487212247409,ieee30,1,RDOEM-MAS (TARC-R),32,6.629687786102295
,False,144000,2664000,,,0.0004015640679635446,0.054082254465043,1.1129985821867194e-14,0.0,,3.6877225912189715,5,False,0.4538375510935689,4.5383755109356905,0.03791147790196803,1961.4801316953708,509.32836105162363,38.211200489350986,12.283466996049704,1923.2689312060197,ieee30,1,RDOEM-MAS (TARC-R),32,6.629687786102295
,False,144000,2664000,,,0.0008069355820841118,0.05697142989466286,6.356026815979021e-15,0.0,,3.6884591971323566,6,False,1.502605942250725,12.677314719591934,-0.17069371919966025,2007.3308696789563,512.0053100146869,31.51826502841726,8.603145195537934,1975.812604650539,ieee30,1,RDOEM-MAS (TARC-R),32,6.629687786102295
,False,144000,2664000,,,0.0007389845008605178,0.060419294965812664,2.4702462297909733e-14,0.0,,3.7491349819256685,7,False,0.7289151524619865,7.289151524619867,0.19153617699627556,2257.2683908071913,551.1953788457233,45.117970529282005,10.896413114758218,2212.1504202779092,ieee30,1,RDOEM-MAS (TARC-R),32,6.629687786102295
,False,144000,2664000,,,0.0008954541256387394,0.06821760094757501,7.466249840604178e-15,0.0,,3.731156055810872,8,False,1.2366207780198093,12.229395762593992,0.18519741495681785,2455.4842372117255,550.4989035533342,43.164447655854524,14.383728905382382,2412.319789555871,ieee30,1,RDOEM-MAS (TARC-R),32,6.629687786102295
,False,144000,2664000,,,0.0011299381085225768,0.06431427592303685,9.547918011776346e-15,0.0,,3.745615312884628,9,False,0.5251697403123976,5.251697403123979,0.33913754033115584,2522.9704722461975,563.4857357137209,50.794192967896,11.872327479360242,2472.1762792783015,ieee30,1,RDOEM-MAS (TARC-R),32,6.629687786102295
96.0,True,144000,2664000,46080.0,852480.0,0.00035156781153400374,0.06873585982701513,2.7332303087490573e-14,0.0,,3.65685298364233,10,False,0.23607638797186073,2.3607638797186077,-0.056266584245807216,2428.5780514527896,513.5249172975305,51.00956065081901,13.237138459750483,2377.5684908019707,ieee30,1,RDOEM-MAS (TARC-R),32,6.629687786102295
,False,144000,2664000,,,0.0009575243771600128,0.060047607611681375,1.765254609153999e-14,0.0,,3.5367798128582084,11,False,0.5820653081391035,5.820653081391037,0.0658225128019776,2351.773319325146,458.9251504823835,36.9767931830949,12.841680752004848,2314.7965261420513,ieee30,1,RDOEM-MAS (TARC-R),32,6.629687786102295
,False,144000,2664000,,,0.0008406108130487588,0.05282466598695379,2.4147350785597155e-14,0.0,,3.4600538903062876,12,False,0.12655899880921767,1.265589988092177,-0.22043412234044135,2136.6800708424757,413.8641412991162,61.07932528921854,14.712533296139936,2075.600745553257,ieee30,1,RDOEM-MAS (TARC-R),32,6.629687786102295
